word1,word2,word3,word4,group_id,freq1,freq2,freq3,freq4,freq_ratio
doctor,phone,cause,part,1,13350.0,13225.0,13050.0,12942.0,1.0315252665739454
years,place,girl,boy,2,28958.0,28698.0,28298.0,26859.0,1.078148851409211
music,food,fact,street,3,7717.0,7869.0,7423.0,7532.0,1.0600835241815978
baby,shit,house,mother,4,25918.0,23925.0,25883.0,24151.0,1.083301985370951
hotel,table,president,ball,5,5241.0,5365.0,5724.0,5294.0,1.092157985117344
honey,kid,miss,business,6,15257.0,16701.0,15492.0,16350.0,1.0946450809464507
agent,mistake,paper,wedding,7,5209.0,5088.0,5266.0,5169.0,1.0349842767295598
moment,blood,war,rest,8,9526.0,9460.0,8905.0,9099.0,1.0697361033127457
boat,bag,system,control,9,4885.0,4632.0,4664.0,4682.0,1.0546200345423142
